Title (with clickable link),Speaker - Last Name,Speaker - First Name,Keyword,Date of Presentation
"<a href=""https://sites.google.com/a/umich.edu/fammed-webcasts/dr-smith"" target=""_blank"">Diagnosis and Management of Obstructive Sleep Apnea</a>","Smith, M.D.",Kyle,Sleep Apnea,1/14/15
"<a href=""https://sites.google.com/a/umich.edu/fammed-webcasts/drs-chavey-saif-heidelbaugh"" target=""_blank"">If This is Direct Primary Care, Then What Have I Been Doing All These Years?</a>","Chavey, M.D., M.S.",William,Primary Care,11/12/14
"<a href=""https://sites.google.com/a/umich.edu/fammed-webcasts/drs-chavey-saif-heidelbaugh"" target=""_blank"">Oral Steroids and Their Effects</a>","Saif, D.O.",Belsam,Steroids,11/12/14
"<a href=""https://sites.google.com/a/umich.edu/fammed-webcasts/drs-chavey-saif-heidelbaugh"" target=""_blank"">IBS: Guidelines and Updates</a>","Heidelbaugh, M.D.",Joel,IBS,11/12/14
"<a href=""https://sites.google.com/a/umich.edu/fammed-webcasts/kaplan-and-schwenk"" target=""_blank"">First Trimester Pregnancy Loss</a>","Kaplan, M.D.",Julie,Prenatal Care-OB,10/8/14
"<a href=""https://sites.google.com/a/umich.edu/fammed-webcasts/kaplan-and-schwenk"" target=""_blank"">Family physicians as leaders: A journey of self-reflection</a>","Schwenk, M.D.",Thomas,Leadership,10/8/14
"<a href=""https://sites.google.com/a/umich.edu/fammed-webcasts/drs-lemler-harmes-aikens"" target=""_blank"">Global Health Interventions: Best (and Worst) Practices</a>","Lemler, M.D.",Katherine,Global Health,8/13/14
"<a href=""https://sites.google.com/a/umich.edu/fammed-webcasts/drs-lemler-harmes-aikens"" target=""_blank"">PCMH Outcomes</a>","Harmes, M.D.",Kathryn,PCMH,8/13/14
"<a href=""https://sites.google.com/a/umich.edu/fammed-webcasts/drs-lemler-harmes-aikens"" target=""_blank"">What Goes on Behind That Closed Door? How to Provide Cognitive-Behavioral Therapy (CBT) for Depression</a>","Aikens, Ph.D.",James,Depression,8/13/14
"<a href=""https://sites.google.com/a/umich.edu/fammed-webcasts/drs-jimbo-warber-and-mckee"" target=""_blank"">Guideline for the Evaluation and Management of Chronic Kidney Disease</a>","Jimbo, M.D., Ph.D., M.P.H.",Masahito,Chronic Disease Management,7/23/14
"<a href=""https://sites.google.com/a/umich.edu/fammed-webcasts/drs-jimbo-warber-and-mckee"" target=""_blank"">There and Back Again: A Fulbright in the UK</a>","Warber, M.D.",Sara,Faculty Activity,7/23/14
"<a href=""https://sites.google.com/a/umich.edu/fammed-webcasts/drs-jimbo-warber-and-mckee"" target=""_blank"">Huh? The Role of Health Communication in Health Care</a>","McKee, M.D., M.P.H.",Michael,Health Communication,7/23/14
"<a href=""https://sites.google.com/a/umich.edu/fammed-webcasts/greenberg-bailey-zazove"" target=""_blank"">Prenatal Care Guidelines</a>","Greenberg, M.D., M.H.S.A., M.A.",Grant,Prenatal Care-OB,7/9/14
"<a href=""https://sites.google.com/a/umich.edu/fammed-webcasts/greenberg-bailey-zazove"" target=""_blank"">Prenatal Care Guidelines</a>","Bailey, Ph.D.",Joanne Motino,Prenatal Care-OB,7/9/14
"<a href=""https://sites.google.com/a/umich.edu/fammed-webcasts/greenberg-bailey-zazove"" target=""_blank"">It Sometimes Ain't What You Think It Is (aka Unconscious Bias)</a>","Zazove, M.D., M.M.",Philip,Health Communication,7/9/14
"<a href=""https://sites.google.com/a/umich.edu/fammed-webcasts/drs-afzal-gossa-and-levinsohn"" target=""_blank"">Review of Alternatives to Coumadin for Anticoagulation</a>","Afzal, M.D.",Yasir,Anticoagulation,6/11/14
"<a href=""https://sites.google.com/a/umich.edu/fammed-webcasts/drs-afzal-gossa-and-levinsohn"" target=""_blank"">Cervical Cancer Screening Education in Ethiopia: Challenges and Opportunities</a>","Gossa, M.D.",Weyinshet,Women's Health,6/11/14
"<a href=""https://sites.google.com/a/umich.edu/fammed-webcasts/drs-afzal-gossa-and-levinsohn"" target=""_blank"">Coaxing the Creative Voice: Unmasking Empathy, Compassion, and Human Connection in Medicine</a>","Levinsohn, M.D.",Susan,Health Communication,6/11/14
"<a href=""https://sites.google.com/a/umich.edu/fammed-webcasts/kotagal-nisonger-ray"" target=""_blank"">Perinatal Mood Disorders: How Can We Support Our Moms and Babies?</a>","Kotagal, M.D.",Lindsey,Prenatal Care-OB,4/23/14
"<a href=""https://sites.google.com/a/umich.edu/fammed-webcasts/kotagal-nisonger-ray"" target=""_blank"">Respiratory Disorders in Athletes</a>","Nisonger, M.D.",Christina,Sports Medicine,4/23/14
"<a href=""https://sites.google.com/a/umich.edu/fammed-webcasts/kotagal-nisonger-ray"" target=""_blank"">Rhabdomyolysis and Sickle Cell Trait</a>","Ray, M.D.",Kristi,Sports Medicine,4/23/14
"<a href=""https://sites.google.com/a/umich.edu/fammed-webcasts/ursu-petersen-schacht"" target=""_blank"">Endometrial Cancer: Prevention and Diagnosis</a>","Ursu, M.D.",Allison,Cancer,4/9/14
"<a href=""https://sites.google.com/a/umich.edu/fammed-webcasts/ursu-petersen-schacht"" target=""_blank"">Advance Care Planning</a>","Petersen, M.D.",Ketti,Palliative Care,4/9/14
"<a href=""https://sites.google.com/a/umich.edu/fammed-webcasts/ursu-petersen-schacht"" target=""_blank"">Caring for the Worried Well</a>","Schacht, M.D.",Kaeturah,Primary Care,4/9/14
"<a href=""https://sites.google.com/a/umich.edu/fammed-webcasts/ott-riley-tobin"" target=""_blank"">Stress and Health</a>","Ott, M.D.",Annelie,Primary Care,3/12/14
"<a href=""https://sites.google.com/a/umich.edu/fammed-webcasts/ott-riley-tobin"" target=""_blank"">Adolescent Confidentiality: When Ignorance is Not Bliss</a>","Riley, M.D.",Margaret,Adolescent Health,3/12/14
"<a href=""https://sites.google.com/a/umich.edu/fammed-webcasts/ott-riley-tobin"" target=""_blank"">Adolescent Confidentiality: When Ignorance is Not Bliss</a>","Ahmed, M.D.",Sana,Adolescent Health,3/12/14
"<a href=""https://sites.google.com/a/umich.edu/fammed-webcasts/ott-riley-tobin"" target=""_blank"">Adolescent Confidentiality: When Ignorance is Not Bliss</a>","Quint, M.D.",Elizabeth,Adolescent Health,3/12/14
"<a href=""https://sites.google.com/a/umich.edu/fammed-webcasts/ott-riley-tobin"" target=""_blank"">Evaluation of Chest Pain</a>","Tobin, M.D.",Kenneth,Cardiac Health,3/12/14
"<a href=""https://sites.google.com/a/umich.edu/fammed-webcasts/rao-ebell"" target=""_blank"">Telemedicine in Primary Care</a>","Rao, M.D.",Ravishankar,Primary Care,2/12/14
"<a href=""https://sites.google.com/a/umich.edu/fammed-webcasts/rao-ebell"" target=""_blank"">Helping Patients Make More Informed Decision About CPR</a>","Ebell, M.D.",Mark,CPR,2/12/14
"<a href=""https://sites.google.com/a/umich.edu/fammed-webcasts/denay-housner"" target=""_blank"">Pre-Participation Cardiovascular Screening</a>","Denay, M.D.",Keri,Cardiac Health,1/22/14
"<a href=""https://sites.google.com/a/umich.edu/fammed-webcasts/denay-housner"" target=""_blank"">Choosing the ""Right"" Diagnostic Screening</a>","Housner, M.D.",Jeffrey,Diagnostic Screening,1/22/14
"<a href=""https://sites.google.com/a/umich.edu/fammed-webcasts/holmes-mangrulkar"" target=""_blank"">The Diabetic Foot</a>","Holmes, M.D.",Crystal,Diabetes,12/11/13
"<a href=""https://sites.google.com/a/umich.edu/fammed-webcasts/holmes-mangrulkar"" target=""_blank"">UMMS Curriculuar Transformation</a>","Mangrulkar, M.D.",Rajesh,Medical School Curriculum,12/11/13
"<a href=""https://sites.google.com/a/umich.edu/fammed-webcasts/drs-laurie-sheets-jimbo"" target=""_blank"">Nutrition: From Our Patients' Perspective</a>","Laurie, M.D.",Anna,Nutrition,12/10/14
"<a href=""https://sites.google.com/a/umich.edu/fammed-webcasts/drs-laurie-sheets-jimbo"" target=""_blank"">Delivering Bad News</a>","Sheets, M.D.",Kent,Health Communication,12/10/14
"<a href=""https://sites.google.com/a/umich.edu/fammed-webcasts/drs-laurie-sheets-jimbo"" target=""_blank"">Updates in Hypertension Guidelines</a>","Jimbo, M.D., Ph.D., M.P.H.",Masahito,Hypertension,12/10/14
"<a href=""https://sites.google.com/a/umich.edu/fammed-webcasts/drs-wissocki-ishibashi"" target=""_blank"">Hepatitis C: Novel Approaches to Treatment</a>","Wissocki, M.D.",Jenna,Hepatitus,3/12/15
"<a href=""https://sites.google.com/a/umich.edu/fammed-webcasts/drs-wissocki-ishibashi"" target=""_blank"">The Role of Family Physicians After the March 11, 2011 Tsunami Disaster in Japan</a>","Ishibashi, M.S.",Yukishige,Disaster Relief,3/12/15
"<a href=""https://sites.google.com/a/umich.edu/fammed-webcasts/obesity-choxi"" target=""_blank"">Obesity: Fact and Fiction</a>","Choxi, M.D.",Hetal H.,Obesity,4/8/15
"<a href=""https://sites.google.com/a/umich.edu/fammed-webcasts/pleural-effusions-reddy"" target=""_blank"">Definitive Management of Pleural Effusions</a>","Reddy, M.D.",Rishindra M.,Surgery,4/8/15
"<a href=""https://sites.google.com/a/umich.edu/fammed-webcasts/lipid-management-guidelines"" target=""_blank"">Lipid Management Guidelines</a>","Fenske, M.D.",Jill,Lipids,4/22/15
"<a href=""https://sites.google.com/a/umich.edu/fammed-webcasts/community-coalitions-and-collaborations"" target=""_blank"">Community Coalitions and Collaborations to Improve Health Outcomes</a>","Rosenthal, M.D.",Michael P.,Community,4/22/15
"<a href=""https://sites.google.com/a/umich.edu/fammed-webcasts/kylee-phillips-foot-ankle-injury"" target=""_blank"">Foot & Ankle Injuries</a>","Phillips, M.D., MBA",Kylee,Sports Medicine,6/10/15
"<a href=""https://sites.google.com/a/umich.edu/fammed-webcasts/ravi-rao-tendinopathy"" target=""_blank"">Management of Tendinopathy</a>","Rao, M.D.",Ravi,Sports Medicine,6/10/15
"<a href=""https://sites.google.com/a/umich.edu/fammed-webcasts/trevor-shull-medical-marijuana"" target=""_blank"">Medical Marijuana</a>","Shull, M.D.",Trevor,Pain Management,6/10/15
"<a href=""https://sites.google.com/a/umich.edu/fammed-webcasts/phillip-rodgers-tick-borne-illness"" target=""_blank"">Tick-Borne Illnesses</a>","Rodgers, M.D.",Phillip,Disease,8/12/15
"<a href=""https://sites.google.com/a/umich.edu/fammed-webcasts/gregory-shumer-insomnia"" target=""_blank"">Comprehensive and Integrative Approach to Insomnia</a>","Schumer, M.D.",Gregory,Insomnia,8/12/15
"<a href=""https://sites.google.com/a/umich.edu/fammed-webcasts/barbara-apgar-2015-std-guidelines"" target=""_blank"">2015 CDC STD Guidelines</a>","Apgar, M.D.",Barbara,STDs,8/12/15
"<a href=""https://sites.google.com/a/umich.edu/fammed-webcasts/prachi-shah-autism-spectrum-disorders"" target=""_blank"">Identification of Autism Spectrum Disorders</a>","Shah, M.D.",Prachi,Autism,7/8/15
"<a href=""https://sites.google.com/a/umich.edu/fammed-webcasts/andrew-cunningham-eye-care-physician"" target=""_blank"">Eye Care for the Primary Care Physician</a>","Cunningham, M.D.",Andrew,Eye Care,7/8/15
"<a href=""https://sites.google.com/a/umich.edu/fammed-webcasts/amy-locke-gastrointestinal-health"" target=""_blank"">Gastrointestinal Health: The Microbiome and Beyond</a>","Locke, M.D.",Amy,Gastrointestinal,7/8/15
"<a href=""https://sites.google.com/a/umich.edu/fammed-webcasts/charles-falzon-integrative-aging"" target=""_blank"">Integrative Approach to Aging Gracefully</a>","Falzon, M.D., MBA",Charles,Aging,7/22/15
"<a href=""https://sites.google.com/a/umich.edu/fammed-webcasts/heather-mcgovern-breast-density"" target=""_blank"">Breast Density Legislation</a>","McGovern, M.D.",Heather,"Cancer, Screening",9/23/15
"<a href=""https://sites.google.com/a/umich.edu/fammed-webcasts/karl-rew-interpreters"" target=""_blank"">Working Effectively with Interpreters</a>","Rew, M.D.",Karl,Patient Interaction,9/23/15
"<a href=""https://sites.google.com/a/umich.edu/fammed-webcasts/douglas-arenberg-lung-cancer"" target=""_blank"">Lung Cancer Screening</a>","Arenberg, M.D.",Douglas,Cancer,9/23/15
"<a href=""https://sites.google.com/a/umich.edu/fammed-webcasts/katie-van-drunen-umbilical"" target=""_blank"">Umbilical Cord Blood Banking</a>","Van Drunen, M.D.",Katie,"Birth, OB",10/14/15
"<a href=""https://sites.google.com/a/umich.edu/fammed-webcasts/thomas-schwenk-cholesterol"" target=""_blank"">Cholesterol, Coronary Artery Disaese, and Statins</a>","Schwenk, M.D.",Thomas,"Heart, Coronary",10/14/15
"<a href=""https://sites.google.com/a/umich.edu/fammed-webcasts/lee-green-health-care"" target=""_blank"">Health Care in America</a>","Green, M.D. MPH",Lee,Health System,10/14/15
"<a href=""https://sites.google.com/a/umich.edu/fammed-webcasts/priya-kalapurayil-preconception-counseling"" target=""_blank"">Preconception Planning</a>","Kalapurayil, MD MPH",Priya,Conception,11/11/15
"<a href=""https://sites.google.com/a/umich.edu/fammed-webcasts/marilyn-moy-physical-activity-copd"" target=""_blank"">Physical Activity in the Assessment and Management of COPD</a>","Moy, MD MSc",Marilyn,"COPD, Asthma",11/11/15
"<a href=""https://sites.google.com/a/umich.edu/fammed-webcasts/maggie-riley-asthma-management"" target=""_blank"">Optimizing Asthma Management</a>","Riley, MD FAAFP",Maggie,Asthma,11/11/15
"<a href=""https://sites.google.com/a/umich.edu/fammed-webcasts/angie-wang-oral-health"" target=""_blank"">Oral Health in Primary Care</a>","Wang, MD MS",Angie,Oral Health,12/9/15
"<a href=""https://sites.google.com/a/umich.edu/fammed-webcasts/dale-hubert-medical-malpractice"" target=""_blank"">Demystifying Medical Malpractice Litigation</a>","Hebert, JD",Dale,Legal,12/9/15
"<a href=""https://sites.google.com/a/umich.edu/fammed-webcasts/eric-mclaughlin-african-family-medicine"" target=""_blank"">African Family Medicine: The State of the Speciality</a>","McLaughlin, MD",Eric,Family Medicine,12/9/15
"<a href=""https://sites.google.com/a/umich.edu/fammed-webcasts/niyati-shah-lactation"" target=""_blank"">Lactation: Foundations, supplementation, and undersupply</a>","Shah, M.D.",Niyati,Family Medicine,1/13/16
"<a href=""https://sites.google.com/a/umich.edu/fammed-webcasts/jane-chargot-thyroid-carcinoma"" target=""_blank"">Papillary Thyroid Carcinoma</a>","Chargot, M.D.",Jane,Cancer,2/10/16
"<a href=""https://sites.google.com/a/umich.edu/fammed-webcasts/jim-montie-music-prostate-cancer"" target=""_blank"">Learning MUSIC for Prostate Cancer</a>",Montie,Jim,Cancer,2/10/16
"<a href=""https://sites.google.com/a/umich.edu/fammed-webcasts/pre-exposure-prophylaxis-for-the-prevention-of-hiv-infection"" target=""_blank"">Pre-Exposure Prophylaxis for the Prevention of HIV Infection</a>","Heinrich, M.D.",Laura,HIV,3/9/16
"<a href=""https://sites.google.com/a/umich.edu/fammed-webcasts/hyperbilirubinemia-in-the-newborn"" target=""_blank"">Hyperbilirubinemia in the Newborn</a>","Schumacher, M.D.",Robert,Birth,3/9/16
"<a href=""https://sites.google.com/a/umich.edu/fammed-webcasts/primary-care-redesign-one-institution-s-journey"" target=""_blank"">Primary Care Redesign: One Institution's Journey</a>","Gilchrist, M.D.",Valerie,Administration,3/9/16
"<a href=""https://sites.google.com/a/umich.edu/fammed-webcasts/primary-care-of-transgender-and-gender-non-conforming-patients-julie-prussack"" target=""_blank"">Primary Care of of Transgender and Gender Non-Conforming Patients</a>","Prussack, M.D.",Julie,Gender Identity,3/23/16
"<a href=""https://sites.google.com/a/umich.edu/fammed-webcasts/improving-family-planning-for-women-with-chronic-conditions-tackling-the-messy-middle-justine-wu"" target=""_blank"">Improving Family Planning for Women with Chronic Conditions: Tackling the Messy Middle</a>","Wu, M.D. MPH",Justine,Contraception,3/23/16
"<a href=""https://sites.google.com/a/umich.edu/fammed-webcasts/stop-em-when-you-got-em-how-to-help-your-patients-quit-smoking-marisa-gross"" target=""_blank"">Stop 'Em When You Got 'Em: How to Help Your Patients Quit Smoking</a>","Gross, M.D.",Marisa,Smoking,3/23/16
"<a href=""https://sites.google.com/a/umich.edu/fammed-webcasts/lydia-lee-hypertension-update"" target=""_blank"">Hypertension Update: How Low Should You Go</a>","Lee, MD",Lydia,Hypertension,4/14/16
"<a href=""https://sites.google.com/a/umich.edu/fammed-webcasts/ann-hughes-integrative-options-treatment-hypertension"" target=""_blank"">Integrative Options in the Treatment of Hypertension</a>","Hughes, MD",Ann,"Hypertension, Integrative Medicine",4/13/16
"<a href=""https://sites.google.com/a/umich.edu/fammed-webcasts/tony-grech-existential-suffering"" target=""_blank"">Existential Suffering/: But What Does It Mean?</a>","Grech, MD",Tony,"End of Life, Psychology",4/13/16
"<a href=""https://sites.google.com/a/umich.edu/fammed-webcasts/lindsay-quade-prescribing-braces"" target=""_blank"">Prescribing Braces in the Primary Care Office</a>","Quade, MD",J. Lindsay,Sports Medicine,6/8/16
"<a href=""https://sites.google.com/a/umich.edu/fammed-webcasts/amy-kreykes-female-athlete-triad"" target=""_blank"">The Female Athlete Triad</a>","Kreykes, MD",Amy J.,Sports Medicine,6/8/16
"<a href=""https://sites.google.com/a/umich.edu/fammed-webcasts/kristine-cece-perimenopausal-symptoms"" target=""_blank"">Management of Perimenopausal Symptoms</a>","Cece, MD",Kristine L.,Menopause,6/8/16
"<a href=""https://sites.google.com/a/umich.edu/fammed-webcasts/kirk-brower-phps"" target=""_blank"">Physcian Health Programs and Outcomes</a>","Brower, MD",Kirk J.,Physcian Health,6/22/16
"<a href=""https://sites.google.com/a/umich.edu/fammed-webcasts/joshua-smith-addiction-denial-recovery"" target=""_blank"">Addiction Denial & Recovery</a>","Smith, M.D.",Joshua,Addiction,6/22/16
"<a href=""https://sites.google.com/a/umich.edu/fammed-webcasts/jacqueline-harrison-gut-feeling"" target=""_blank"">A Gut Feeling: the Microbiome Role in Obesity and Diabetes</a>","Harrison, M.D.",Jacqueline,Microbiome,7/13/16
"<a href=""https://sites.google.com/a/umich.edu/fammed-webcasts/alon-avidan-sleep-disturbances-old-age"" target=""_blank"">Sleep Disturbances in Older Age: What Lies Beneath?</a>","Avidan, M.D.",Alon,Sleep,7/13/16
"<a href=""https://sites.google.com/a/umich.edu/fammed-webcasts/jennifer-somers-weizer-opthamology-101"" target=""_blank"">Hey Doc, I Can't See! Opthamology 101 for Primary Care Physcicians</a>","Somers Weizer, M.D.",Jennifer,Opthamology,8/10/16
"<a href=""https://sites.google.com/a/umich.edu/fammed-webcasts/william-e-chavey-treating-heart-failure"" target=""_blank"">Treatin' Heart Failure with Drugs Y'Ain't Even Heard Of!</a>","Chavey, M.D., M.S.",William,Cardiac Health,8/10/16
"<a href=""https://sites.google.com/a/umich.edu/fammed-webcasts/mack-ruffin-transition"" target=""_blank"">Transition: Leaving your Patients Behind</a>","Ruffin, M.D.",Mack,"Transition, Retiring",8/10/16
"<a href=""https://sites.google.com/a/umich.edu/fammed-webcasts/matthew-kittle-bariatric-surgery"" target=""_blank"">Bariatric Surgery-Recommendations for Primary Care Physcians</a>","Kittle, M.D.",Matthew,Obesity Surgery,11/9/16
"<a href=""https://sites.google.com/a/umich.edu/fammed-webcasts/daniel-pink-science-motivation"" target=""_blank"">The Science of Motivation in Medicine, Education, & Beyond</a>",Pink,Daniel,Motivation Education,11/9/16
"<a href=""https://sites.google.com/a/umich.edu/fammed-webcasts/alexandra-hayward-communicable-disease-report"" target=""_blank"">Public Health Communicable Disease Report: 2015/16 Summary</a>","Hayward, MPH",Alexandra,Epidemeology,11/23/16
"<a href=""https://sites.google.com/a/umich.edu/fammed-webcasts/katherine-j-gold-physcian-mental-health-suicide"" target=""_blank"">Physcian mental health & suicide: stigma, stress, and licensing as barriers to care</a>","Gold, MD MSW MS",Katherine J.,Physcian Health,11/23/16
"<a href=""https://sites.google.com/a/umich.edu/fammed-webcasts/kent-j-sheets-pre-history-deptartment-family-medicine"" target=""_blank"">Pre-History of the Department of Family Medicine: What Happened Around Here Before 1978?</a>","Sheets, PhD",Kent J.,History,11/23/16
"<a href=""https://sites.google.com/a/umich.edu/fammed-webcasts/emily-shuman-zika-virus-disease"" target=""_blank"">Zika Virus Disease: from Uganda to the Americas</a>","Shuman, MD",Emily K.,Infectious Diseases,12/14/16
"<a href=""https://sites.google.com/a/umich.edu/fammed-webcasts/laronda-chastang-exploring-everyday-bias"" target=""_blank"">Exploring Everyday Bias in Academic Medicine</a>","Chastang, MSW",LaRonda,Bias,12/14/16
"<a href=""https://sites.google.com/a/umich.edu/fammed-webcasts/amal-othman-the-elderly-driver"" target=""_blank"">The Elderly Driver</a>","Othman, MD",Amal,Opthamology,12/14/16
"<a href=""https://sites.google.com/a/umich.edu/fammed-webcasts/justin-oldfield-diagnosis-adult-adhd"" target=""_blank"">Diagnosis and Management of Adult ADHD</a>","Oldfield, MD",Justin,ADHD,3/8/17
"<a href=""https://sites.google.com/a/umich.edu/fammed-webcasts/tyler-policht-peripheral-edema"" target=""_blank"">Peripheral Edema Review</a>","Policht, MD",Tyler,Edema,3/8/17
"<a href=""https://sites.google.com/a/umich.edu/fammed-webcasts/masahito-jimbo-colorectal-cancer-screenings"" target=""_blank"">Colorectal Cancer Screenings for Primary Care Clinicians</a>","Jimbo, M.D., Ph.D., M.P.H.",Masahito,"Cancer, Screening",3/8/17
"<a href=""https://sites.google.com/a/umich.edu/fammed-webcasts/debbie-phipps-maternity-ghana"" target=""_blank"">Maternity Care in Ghana</a>","Phipps, M.D.",Debbie,"Maternity, travel",4/12/17
"<a href=""https://sites.google.com/a/umich.edu/fammed-webcasts/gregory-shumer-heart-rate-biofeedback"" target=""_blank"">Heart Rate Variability: Using Biofeedback in Clinical Practice</a>","Shumer, M.D.",Gregory,"Biofeedback, Cardiology",4/12/17
"<a href=""https://sites.google.com/a/umich.edu/fammed-webcasts/vaginitis-barbara-apgar"" target=""_blank"">Vaginitis: Is the wet prep out of the building?</a>","Apgar, M.D., M.S.",Barbara,Vaginitis,4/12/17
"<a href=""https://sites.google.com/a/umich.edu/fammed-webcasts/timothy-tellez-disparities-palliative-care"" target=""_blank"">Racial and Ethnic Disparities in Palliative and Hospice Care in the U.S.</a>","Tellez, MD",Timothy,Race Palliative,7/12/17
"<a href=""https://sites.google.com/a/umich.edu/fammed-webcasts/neelum-aggrawal-current-research-alzheimers-dementia"" target=""_blank"">Current Research and Therapeutic Strategies for the Treatment and Prevention of Alzheimerês Disease Dementia</a>","Aggarwal, MD",Neelum,Alzheimers Dementia,7/12/17
"<a href=""https://sites.google.com/a/umich.edu/fammed-webcasts/susan-kim-osteoporosis"" target=""_blank"">Osteoporosis: Who should be treated and the latest guideline on treatment</a>","Kim, MD",Susan,"Osteoporosis, Aging",8/9/17
"<a href=""https://sites.google.com/a/umich.edu/fammed-webcasts/andrew-kraftson-obesity"" target=""_blank"">Obesity: Past, Present, & Future</a>","Kraftson, MD",Andrew T.,Obesity Surgery,8/9/17
"<a href=""https://sites.google.com/a/umich.edu/fammed-webcasts/barry-franklin-extreme-exercise"" target=""_blank"">Extreme Exercise and Cardiovascular Health: Changing Paradigms and Perceptions</a>","Franklin, PhD",Barry A.,Cardiac Health,8/9/17
"<a href=""https://sites.google.com/a/umich.edu/fammed-webcasts/luke-shaefer-prevent-alleviate-poverty"" target=""_blank"">Finding New Ways to Prevent and Alleviate Poverty</a>",Shaefer,Luke,Poverty,8/23/17
"<a href=""https://sites.google.com/a/umich.edu/fammed-webcasts/joel-heiderlbaugh-psa-controversy"" target=""_blank"">The PSA Controversy: Primary Care Perspective</a>","Heidelbaugh, M.D.",Joel,Prostate,8/23/17
"<a href=""https://sites.google.com/a/umich.edu/fammed-webcasts/monica-benedikt-nafld"" target=""_blank"">NAFLD</a>","Benedikt, M.D.",Monica,"Liver, NAFLD",11/8/17
"<a href=""https://sites.google.com/a/umich.edu/fammed-webcasts/erica-martin-regenerative-medicine"" target=""_blank"">Regenerative Medicine</a>","Martin, M.D.",Erica,Sports Medicine,11/8/17
"<a href=""https://sites.google.com/a/umich.edu/fammed-webcasts/timothy-johnson-academic-global-health-ethics"" target=""_blank"">Academic Flobal Health Ethics</a>","Johnson, M.D.",Timothy,Ethics,11/8/17
"<a href=""https://sites.google.com/a/umich.edu/fammed-webcasts/pamela-rockwell-2017-immunization-update"" target=""_blank"">2017 Child and Adult Immunization Update</a>","Rockwell, D.O.",Pamela,Immunizations,11/22/17
"<a href=""https://sites.google.com/a/umich.edu/fammed-webcasts/melissa-pynnonen-sinus"" target=""_blank"">Sinus Diagnosis</a>","Pnnonen, M.D.",Melissa,Sinus,11/22/17
"<a href=""https://sites.google.com/a/umich.edu/fammed-webcasts/pamela-rockwell-immunization-case-discussions"" target=""_blank"">Immunization Case Discussions</a>","Rockwell, D.O.",Pamela,Immunizations,11/22/17
"<a href=""https://sites.google.com/a/umich.edu/fammed-webcasts/john-randolph-integrating-transgender-health-care"" target=""_blank"">Integrating Transgender Health Care Into Your Practice</a>","Randolph, M.D.",John,Transgender,12/13/17
"<a href=""https://sites.google.com/a/umich.edu/fammed-webcasts/james-richardson-imbalanced-falls-research"" target=""_blank"">Imbalanced: A Possible Antidote to the Confusing, Circular Nature of Falls Research</a>","Richardson, M.D.",James,"Aging, Falls",12/13/17
"<a href=""https://sites.google.com/a/umich.edu/fammed-webcasts/stephen-warnick-prescribing-medications-anxiety"" target=""_blank"">Prescribing Mediciations for Anxiety and Depression</a>","Warnick, M.D.",Stephen,"Depression, Mediciation",12/13/17
"<a href=""https://sites.google.com/a/umich.edu/fammed-webcasts/alex-belakovskiy-new-hypertension-guidelines"" target=""_blank"">New HyperTension Guidelines Again!</a>","Belakovskiy, M.D.",Alex,Hypertension,1/10/18
"<a href=""https://sites.google.com/a/umich.edu/fammed-webcasts/adreanne-waller-opiod-addiction-overdose-washtenaw-countyL"" target=""_blank"">Opiod Addiction and Overdose is a Public Health Crisis in Washtenaw County</a>","Waller, MPH",Adreanne,"Opioids, Addiction",1/24/18
"<a href=""https://sites.google.com/a/umich.edu/fammed-webcasts/mark-ilgen-university-of-michigan-treatment-services"" target=""_blank"">University of Michigan Treatment Services</a>","Ilgen, Ph.D",Mark,"Addiction, Treatment",1/24/18
"<a href=""https://sites.google.com/a/umich.edu/fammed-webcasts/edward-jouney-opioid-maintenance-treatment"" target=""_blank"">Opioid Maintenance Treatment</a>","Jouney, DO, MS",Edward A.,"Opioids, Addiction",1/24/18
"<a href=""https://sites.google.com/a/umich.edu/fammed-webcasts/joanna-quigley-adolescent-substance-use-disorders"" target=""_blank"">Adolescent Substance Use Disorders: Opiod Use</a>","Quigley, MA, FAAP",Joanna,"Opioids, Adolescents",1/24/18
"<a href=""https://sites.google.com/a/umich.edu/fammed-webcasts/leigh-morrison-menopause-management-hormone-therapy"" target=""_blank"">Menopause Management: Hormone Therapy</a>","Morrison, MD",Leigh,"Menopause, Hormone",3/14/18
"<a href=""https://sites.google.com/a/umich.edu/fammed-webcasts/debbie-phipps-depression-screening-pregnancy"" target=""_blank"">Depression Screening in Pregnancy: Improving the Process</a>","Phipps, M.D.",Debbie,"Depression, Pregnancy",3/14/18
"<a href=""https://sites.google.com/a/umich.edu/fammed-webcasts/stephen-warnick-prescribing-medications-anxiety-part-2"" target=""_blank"">Prescribing Mediciations for Anxiety and Depression (Without Feeling Anxious and Depressed) Part 2</a>","Warnick, M.D.",Stephen,"Anxiety, Depression",3/14/18
"<a href=""https://sites.google.com/a/umich.edu/fammed-webcasts/david-shrock-alcohol-management"" target=""_blank"">Primary Care Management of Alcohol Use Disorder</a>","Schrock, M.D.",David,"Alcohol, Addiction",5/9/18
"<a href=""https://sites.google.com/a/umich.edu/fammed-webcasts/macaran-baird-education-accountability"" target=""_blank"">Family Medicine Residency and Medical Student Education in the Era of Accountability</a>","Baird, M.D, M.S.",Macaran,Education,5/9/18
"<a href=""https://sites.google.com/a/umich.edu/fammed-webcasts/anna-mcevoy-primary-care-hiv"" target=""_blank"">Primary Care for Patients with HIV</a>","McEvoy, M.D.",Anna,HIV,5/23/18
"<a href=""https://sites.google.com/a/umich.edu/fammed-webcasts/jane-chargot-voluntary-stopping-of-eating"" target=""_blank"">Voluntary Stopping of Eating and Drinking: Ethical Analysis and Clinical Approach</a>","Chargot, M.D.",Jane,"End of Life, Elder Care",5/23/18
"<a href=""https://sites.google.com/a/umich.edu/fammed-webcasts/karl-rew-teaching-medical-ethics"" target=""_blank"">Teaching (and Learning) Medical Ethics</a>","Rew, M.D.",Karl,Ethics,5/23/18
"<a href=""https://sites.google.com/a/umich.edu/fammed-webcasts/kaila-queen-long-term-ppi-use"" target=""_blank"">Long Term PPI Use</a>","Queen, M.D.",Kaila,"PPI, gastro",6/13/18
"<a href=""https://sites.google.com/a/umich.edu/fammed-webcasts/sander-rubin-five-sports-medicine-cases"" target=""_blank"">Five Primary Care Sports Medicine Cases: to refer or not to refer?</a>",Rubin M.D.,Sander,Sports Medicine,6/13/18
"<a href=""https://sites.google.com/a/umich.edu/fammed-webcasts/adam-lewno-lower-extremity-nerve"" target=""_blank"">Hey Doc, Why is My Leg Numb? Lower Extremity Peripheral Nerve Injuries in Athletes</a>","Lewno, D.O.",Adam,Sports Medicine,6/13/18
"<a href=""https://sites.google.com/a/umich.edu/fammed-webcasts/kristin-pacl-fortnite"" target=""_blank"">What the Heck is Fortnite?</a>","Pacl, MD",Kristin,"Social Media, Gaming",8/8/18
"<a href=""https://sites.google.com/a/umich.edu/fammed-webcasts/helen-kales-positive-aging"" target=""_blank"">Maximizing Your Cognitive, Physcial, and Emotional Health to Promote Positive Aging</a>","Kales, M.D.",Helen C.,Aging,8/8/18
"<a href=""https://sites.google.com/a/umich.edu/fammed-webcasts/anthony-tam-myhealthtech"" target=""_blank"">#MyHeathTech</a>","Tam, M.D.",Anthony,Technology,10/10/18
"<a href=""https://sites.google.com/a/umich.edu/fammed-webcasts/eric-mclaughlin-relearning-medicine"" target=""_blank"">Relearning Medicine: 3 Adaptations for Global Health</a>","McLaughlin, MD",Eric,Global Health,10/10/18
"<a href=""https://sites.google.com/a/umich.edu/fammed-webcasts/abbey-moon-fad-diets"" target=""_blank"">Fad Diets for Weight Loss</a>","Moon, MD",Abbey,Weight Loss,12/12/18
"<a href=""https://sites.google.com/a/umich.edu/fammed-webcasts/valerie-vaughn-antibiotic-use"" target=""_blank"">Pneumonia and Antibiotic Use: Why Less is More</a>","Vaughn, MD, MSc",Valerie,Antibiotics,12/12/18
"<a href=""https://sites.google.com/a/umich.edu/fammed-webcasts/kevin-gregg-tick-borne-illness"" target=""_blank"">Tick-Borne Illness: What a Primary Care Physcian Needs to Know</a>","Gregg, MD",Kevin,"Disease, Ticks",12/12/18
"<a href=""https://sites.google.com/a/umich.edu/fammed-webcasts/acute-delirium-elderly-camila-diaz"" target=""_blank"">Acute Delirium In The Elderly</a>","Diaz, MD",Camila,Elder Care,1/9/19
"<a href=""https://sites.google.com/a/umich.edu/fammed-webcasts/julie-blaszczak-transgender-gender-nonconforming"" target=""_blank"">Caring for Transgender and Gender Nonconforming Patients</a>","Blaszczak, MD",Julie,"Transgender, Sexual Health",1/23/19
"<a href=""https://sites.google.com/a/umich.edu/fammed-webcasts/christine-medaugh-human-trafficking"" target=""_blank"">Human Trafficking</a>","Medaugh, MD",Christine,Human Trafficking,1/23/19
"<a href=""https://sites.google.com/a/umich.edu/fammed-webcasts/ebony-parker-featherstone-primary-care-african-american-women"" target=""_blank"">Primary Care of African American Women</a>","Parker-Featherstone, MD",Ebony,African American Health,1/23/19
"<a href=""https://youtu.be/c1M_PTbOynI"" target=""_blank"">Oral Diabetes Treatments</a>","Morrison, MD",Leigh,Diabetes,5/8/19
"<a href=""https://sites.google.com/a/umich.edu/fammed-webcasts/nicola-jane-davies-my-life"" target=""_blank"">My Life in Family Practice</a>","Davies, MD",Nicola Jane,History,5/8/19
"<a href=""https://sites.google.com/a/umich.edu/fammed-webcasts/steven-korycinski-medical-marijuana"" target=""_blank"">Medical Marijuana</a>","Korycinski, MD",Steven,"Treatments, Marijuana",7/10/19
"<a href=""https://sites.google.com/a/umich.edu/fammed-webcasts/thad-polk-brain-aging"" target=""_blank"">Brain Aging And What You Can Do About It</a>","Polk, Ph.D.",Thad,Aging,7/10/19
"<a href=""https://sites.google.com/a/umich.edu/fammed-webcasts/julie-prussack-breastfeeding-myths"" target=""_blank"">Breastfeeding Mythbusters</a>","Prussack, M.D.",Julie,"Breastfeeding, Infant",7/24/19
"<a href=""https://sites.google.com/a/umich.edu/fammed-webcasts/katherine-gold-tobacco-use-high-risk"" target=""_blank"">Secrets and Singles: New Research on Tobacco Use and Cessation in High Risk Groups</a>","Gold, MD MSW MS",Katherine J.,Tobacco,7/24/19
"<a href=""https://sites.google.com/a/umich.edu/fammed-webcasts/mercy-adetoye-office-evaluation-early-pregnancy-loss"" target=""_blank"">Office Evaluation and Management of Early Pregnancy Loss</a>","Adetoye, MD",Mercy,Grief Loss,7/24/19
"<a href=""https://sites.google.com/a/umich.edu/fammed-webcasts/kent-sheets-50-years-ago"" target=""_blank"">50 Years Ago</a>","Sheets, PhD",Kent J.,History,8/14/19
"<a href=""https://sites.google.com/a/umich.edu/fammed-webcasts/olivia-post-probiotics"" target=""_blank"">Probiotics</a>","Yost, MD",Olivia,Gut Health,8/14/19
"<a href=""https://sites.google.com/a/umich.edu/fammed-webcasts/william-chavey-social-media"" target=""_blank"">Social Media</a>","Chavey, M.D., M.S.",William,Social Media,8/14/19
"<a href=""https://sites.google.com/a/umich.edu/fammed-webcasts/cullen-salada-statins"" target=""_blank"">Statins</a>","Salada, MD",Cullen,Statins,10/9/19
"<a href=""https://sites.google.com/a/umich.edu/fammed-webcasts/lindsey-petty-antimicrobial-outpatient"" target=""_blank"">Antimicrobial Stewardship in an Outpatient Setting</a>","Petty, MD",Lindsay,Antibiotics,10/9/19
"<a href=""https://sites.google.com/a/umich.edu/fammed-webcasts/michael-fetters-culturally-competent-services"" target=""_blank"">Culturally Competent Service Lessons</a>","Fetters, MD",Michael,Improving Care,10/9/19
"<a href=""https://sites.google.com/a/umich.edu/fammed-webcasts/jeremy-vincent-caring-down-syndrome"" target=""_blank"">Caring for Patients with Down Syndrome</a>","Vincent, MD",Jeremy,Down Syndrome,11/13/19
"<a href=""https://sites.google.com/a/umich.edu/fammed-webcasts/jonathan-gabison-obesity-intermittent-fasting"" target=""_blank"">Obesity and Intermittent Fasting</a>","Gabison, MD",Jonathan,Obesity,11/13/19
"<a href=""https://sites.google.com/a/umich.edu/fammed-webcasts/kristen-mcelreath-dnr-ethical-considersations"" target=""_blank"">DNR and the Ethical Considersations Surrounding End of Life Care</a>","Mcelreath, MD",Kristen,"End of Life, Elder Care",11/13/19
"<a href=""https://sites.google.com/a/umich.edu/fammed-webcasts/hillary-hecht-inclusivity-panel"" target=""_blank"">Lost in Translation: Inclusivity for Patients' Language Communication Needs and Panel Discussion</a>",Hecht,Hillary,"Discussion, DEI",12/11/19
"<a href=""https://sites.google.com/a/umich.edu/fammed-webcasts/courtney-spencer-expediated-partner-therapy"" target=""_blank"">Expedited Partner Therapy: Examining Barriers to Improving Treatment of STIs</a>","Spensley, MD MA",Courtney,STDs,12/11/19
"<a href=""https://sites.google.com/a/umich.edu/fammed-webcasts/ellen-williams-caregiver-burden"" target=""_blank"">Caregiver Burden</a>","Williams, MD",Ellen,Mental Health,1/22/20
"<a href=""https://sites.google.com/a/umich.edu/fammed-webcasts/julie-blaszczak-caring-hiv-patients"" target=""_blank"">Caring for Patients with HIV</a>","Blaszczak, MD",Julie,HIV,1/22/20
"<a href=""https://sites.google.com/a/umich.edu/fammed-webcasts/angela-kuznia-hypertension-children-adolescents"" target=""_blank"">Hypertension in Children and Adolescents</a>","Kuznia, MD",Angela,Pediatrics,1/22/20
"<a href=""https://sites.google.com/a/umich.edu/fammed-webcasts/megan-pesch-cogenital-cytomegalovirus"" target=""_blank"">Congenital Cytomegalovirus Infection in Pregnancy and the Neonate</a>","Pesch, MD",Megan,Prenatal Care-OB,3/11/20
"<a href=""https://sites.google.com/a/umich.edu/fammed-webcasts/capizzano-williams-pocus"" target=""_blank"">POCUS</a>","Williams, MD",Christa,Ultrasound,3/11/20
"<a href=""https://sites.google.com/a/umich.edu/fammed-webcasts/hernandez-updates-in-prenatal-care"" target=""_blank"">Updates in Prenatal Care</a>","Hernandez, MD",Anita K.,Prenatal Care-OB,3/11/20
"<a href=""https://sites.google.com/a/umich.edu/fammed-webcasts/mark-owolabi-non-pharmaceutical-approach-to-depression"" target=""_blank"">Non-Pharmaceutical Approach to Depression</a>","Owolabi, MD",Mark,"Depression, Mediciation",4/22/20
"<a href=""https://sites.google.com/a/umich.edu/fammed-webcasts/andy-berkowski-rls-for-primary-care-and-the-compulsive-use-of-dopamine-agonists"" target=""_blank"">RLS for Primary Care and the Compulsive Use of Dopamine Agonists</a>","Berkowski, MD",Andy,RLS,4/22/20
"<a href=""https://sites.google.com/a/umich.edu/fammed-webcasts/andrew-shuman-navigating-the-ethcis-of-covid-19"" target=""_blank"">Navigating the Ethics of COVID-19</a>","Shuman, MD",Anddrew G.,"COVID-19, Ethics",4/22/20
"<a href=""https://sites.google.com/a/umich.edu/fammed-webcasts/nicholas-beimer-epilepsy-psychogenic-seizures"" target=""_blank"">Epilepsy and Psychogenic Non-epileptic Seizures</a>","Beimer, MD",Nicholas,"Epilepsy, Seizures",5/13/20
"<a href=""https://sites.google.com/a/umich.edu/fammed-webcasts/daniel-oram-peripartum-mood-disorders target=""_blank"">Peripartum Mood Disorders</a>","Oram, MD",Daniel,"Depression, Mood",5/13/20
"<a href=""https://sites.google.com/a/umich.edu/fammed-webcasts/carolyn-swenson-healthy-healing-obstetrical-anal-injury"" target=""_blank"">Healthy Healing After Obstetrical Anal Sphincter Injury</a>","Swenson, MD",Carolyn,"Pregnancy, Gynocology",5/13/20
"<a href=""https://sites.google.com/a/umich.edu/fammed-webcasts/garrett-roe-rx-exercise"" target=""_blank"">Rx: Exercise -- A Prescription Worth Prescribing</a>","Roe, MD",Garrett,"Exercise, Health",6/10/20
"<a href=""https://sites.google.com/a/umich.edu/fammed-webcasts/mitchell-odom-sports-medicine-clinic"" target=""_blank"">Sports Medicine Clinic</a>","Odom, MD",Mitchell,Sports Medicine,6/10/20
"<a href=""https://sites.google.com/a/umich.edu/fammed-webcasts/jordan-hilgefort-pediatric-sports-medicine-conditions"" target=""_blank"">Pediatric Sports Medicine Conditions</a>","Hilgefort, MD",Jordan,"Pediatrics, Sports Medicine",6/10/20
"<a href=""https://sites.google.com/a/umich.edu/fammed-webcasts/essa-alsharif-covid-challenges-free-clinic"" target=""_blank"">Covid Pandemic Challenges and the Safety Net Response: Through the Lens of a Free Clinic</a>","Alsharif, DO",Essa,COVID-19,7/8/20
"<a href=""https://sites.google.com/a/umich.edu/fammed-webcasts/david-bazzo-aging-career-transition-medicine"" target=""_blank"">Successful Aging and Career Transition in Medicine</a>","Bazzo, MD",David,Aging,7/8/20
"<a href=""https://sites.google.com/a/umich.edu/fammed-webcasts/mollie-mcdermott-secondary-stroke-prevention"" target=""_blank"">Updates in Secondary Stroke Prevention</a>","McDermott, MD",Mollie,Stroke,7/22/20
"<a href=""https://sites.google.com/a/umich.edu/fammed-webcasts/ashley-bentley-america-needs-more-family-doctors"" target=""_blank"">America Needs More Family Doctors</a>","Bentley, MBA",Ashley,Family Medicine,7/22/20
"<a href=""https://sites.google.com/a/umich.edu/fammed-webcasts/eleni-scott-lifestyle-medicine"" target=""_blank"">Lifestyle is Medicine: Reversing a Culture of Chronic Disease</a>","Scott, MD",Eleni,Lifestyle,8/12/20
"<a href=""https://sites.google.com/a/umich.edu/fammed-webcasts/aleah-thompson-acne-vulgaris"" target=""_blank"">Acne Vulgaris & Special Topics in Dermatology</a>","Thompson, MD",Aleah,Dermatology,8/12/20
"<a href=""https://sites.google.com/a/umich.edu/fammed-webcasts/katherine-chang-christine-mikesell-mis-c"" target=""_blank"">MIS-C: Multisystem Inflammatory Syndrome in Children</a>","Chang, MD",Katherine,COVID-19,8/12/20
"<a href=""https://sites.google.com/a/umich.edu/fammed-webcasts/yasmine-kahok-the-human-microbiome"" target=""_blank"">The Human Microbiome</a>","Kahok, MD",Yasmine,Health,9/9/20
"<a href=""https://sites.google.com/a/umich.edu/fammed-webcasts/lou-edje-master-adaptive-learners"" target=""_blank"">Master Adaptive Learners</a>","Edje, MD, MHPE, FAAFP",Lou,"Learning, Teaching",9/9/20
"<a href=""https://sites.google.com/a/umich.edu/fammed-webcasts/ethan-scott-past-present-telehealth"" target=""_blank"">The Past and Present of Telehealth</a>","Scott, MD",Ethan,Telehealth,10/14/20
"<a href=""https://sites.google.com/a/umich.edu/fammed-webcasts/monica-thipparthi-aspirin"" target=""_blank"">The Controversy Behind Aspirin for Primary Prevention</a>","Thipparthi, MD",Monica,Prevention,10/14/20
"<a href=""https://sites.google.com/a/umich.edu/fammed-webcasts/mercy-adetoye-mifepristone-not-just-abortion-drug"" target=""_blank"">Mifepristone: Not Just the Abortion Drug</a>","Adetoye, MD",Mercy,"OB, Abortion",10/14/20
"<a href=""https://sites.google.com/a/umich.edu/fammed-webcasts/kate-meixner-mass-incarceration"" target=""_blank"">Mass Incarceration and Health: Improving Care for Returning Citizens</a>","Meixner, MD",Kate,Incarceration,11/11/20
"<a href=""https://sites.google.com/a/umich.edu/fammed-webcasts/mehwish-sajid-managing-patient-sleep"" target=""_blank"">Managing Patient Sleep Disorders in Primary Care</a>","Sajid, MD",Mehwish,Sleep,11/11/20
"<a href=""https://sites.google.com/a/umich.edu/fammed-webcasts/lauren-abdul-majeed-prevention-of-cardiovascular-diseases-women"" target=""_blank"">Prevention of Cardiovascular Disease in Women</a>","Abdul-Majeed, MD, MPH",Lauren,"Heart, Women",11/11/20
"<a href=""https://sites.google.com/a/umich.edu/fammed-webcasts/molly-banfield-pediatric-obesity"" target=""_blank"">Pediatric Obesity for the Primary Care Physician</a>","Banfield, MD",Molly,Obesity,12/9/20
"<a href=""https://sites.google.com/a/umich.edu/fammed-webcasts/paul-joseph-topics-in-dermatology"" target=""_blank"">Topics in Dermatology</a>","Joseph, MD",Paul,Dermatology,12/9/20
"<a href=""https://sites.google.com/a/umich.edu/fammed-webcasts/elainee-poling-beyond-cancer-diagnosis"" target=""_blank"">Beyond Cancer Diagnosis: Survivorship Care for PCPs</a>","Poling, MD",Elainee,Cancer,12/9/20
"<a href=""https://sites.google.com/a/umich.edu/fammed-webcasts/olivia-yost-integrative-approaches-to-thyroid-dysfunction"" target=""_blank"">Integrative Approaches to Thyroid Dysfunction</a>","Yost, MD",Olivia,"Thyroid, Integrative Medicine",1/13/21
"<a href=""https://sites.google.com/a/umich.edu/fammed-webcasts/nailah-cash-obannon-integrative-approaches-to-post-traumatic-stress-disorder"" target=""_blank"">Integrative Approaches to Post-Traumatic Stress Disorder</a>","Cash-O'Bannon, MD",Nailah,"Psychology, Integrative Medicine",1/13/21
"<a href=""https://sites.google.com/a/umich.edu/fammed-webcasts/georginia-sanders-food-allergy-the-other-pandemic"" target=""_blank"">Food Allergy The Other Pandemic</a>","Sanders, MD, MS",Georgiana,Allergy,1/13/21
"<a href=""https://sites.google.com/a/umich.edu/fammed-webcasts/amal-othman-managing-obesity-primary-care"" target=""_blank"">Managing of Obesity in Primary Care</a>","Othman, MD",Amal,Obesity,3/10/21
"<a href=""https://sites.google.com/a/umich.edu/fammed-webcasts/jill-fenske-chris-frank-beyond-the-waiver"" target=""_blank"">Beyond the Waiver</a>","Fenske, M.D. Frank, MD, PhD","Jill, Chris","Addiction, Treatment",3/10/21
"<a href=""https://sites.google.com/a/umich.edu/fammed-webcasts/michael-mckee-hearing-loss-impact-on-healthcare"" target=""_blank"">Hearing Loss: Impact on Healthcare</a>","McKee, M.D., M.P.H.",Micahel,Hearing Loss,3/10/21
"<a href=""https://sites.google.com/a/umich.edu/fammed-webcasts/psilocybin-a-resurrected-pharmacologic-frontier"" target=""_blank"">Psilocybin: A Resurrected Pharmacologic Frontier</a>","Anker, MD",Bryan,Medication Research,3/24/21
"<a href=""https://sites.google.com/a/umich.edu/fammed-webcasts/common-answers-to-concerns-of-desire-arousal-and-orgasm"" target=""_blank"">Common Answers to Concerns of Desire, Arousal, and Orgasm</a>","Krause, MD",Christine,Sexual Health,3/24/21
"<a href=""https://sites.google.com/a/umich.edu/fammed-webcasts/microhematuria-evaluation-guideline-update"" target=""_blank"">2020 Microhematuria Evaluation Guideline Update</a>","Mukundi, PA-C",Stanley,Surgery,3/24/21
"<a href=""https://sites.google.com/a/umich.edu/fammed-webcasts/nafld-nash-pcp"" target=""_blank"">NAFLD and NASH for the PCP</a>","Groskaufmanis, MD, MPH",Lauren,"Liver, NAFLD",5/12/21
"<a href=""https://sites.google.com/a/umich.edu/fammed-webcasts/making-being-black-less-dangerous-than-smoking"" target=""_blank"">Making ""Being Black"" Less Dangerous Than Smoking</a>","Reddick, MD, MPH",Bonzo,"Race, DEI",5/12/21
"<a href=""https://sites.google.com/a/umich.edu/fammed-webcasts/kimberly-casten-back-pain-for-primary-care"" target=""_blank"">Back Pain for Primary Care Physcians</a>","Casten, MD, Mphil",Kimberly,Pain,6/9/21
"<a href=""https://sites.google.com/a/umich.edu/fammed-webcasts/stephen-spadafore-high-yield-sports-medicine-pcps"" target=""_blank"">High Yield Sports Medicine Cases for PCPs</a>","Spadafore, MD",Stephen,Sports Medicine,6/9/21
"<a href=""https://sites.google.com/a/umich.edu/fammed-webcasts/juana-nicoll-capizzano-pocus"" target=""_blank"">Point of Care Ultrasound in Family Medicine</a>","Capizzano, MD",Juana Nicoll,Ultrasound,7/14/21
"<a href=""https://sites.google.com/a/umich.edu/fammed-webcasts/christine-seel-ritchie-home-based-care-continuum"" target=""_blank"">The Home-Based Care Continuum</a>","Seel Ritchie, MD, MSPH",Christine,"Home Health, Aging",7/14/21
"<a href=""https://sites.google.com/a/umich.edu/fammed-webcasts/ben-beduhn-sifting-through-artifacts-pocus"" target=""_blank"">Heart Failure</a>","Chavey, M.D., M.S.",William,Cardiac Health,8/11/21
"<a href=""https://sites.google.com/a/umich.edu/fammed-webcasts/hodges-quigley-pediatric-adhd"" target=""_blank"">Pediatric ADHD</a>","Hodges, PhD, Quigley, MD","Elise, Joanna",ADHD,8/11/21
"<a href=""https://sites.google.com/a/umich.edu/fammed-webcasts/scott-stonington-ethical-complexity-in-health-interventions"" target=""_blank"">Ethical Complexity in Health Interventions</a>","Stonington, MD, PhD",Scott,Ethics,9/8/21
"<a href=""https://sites.google.com/a/umich.edu/fammed-webcasts/jacob-wasag-bipolar-disorder-primary-care"" target=""_blank"">Bipolar Disorder in the Primary Care Setting</a>","Wasag, MD",Jacob,Mental Health,9/8/21
"<a href=""https://sites.google.com/a/umich.edu/fammed-webcasts/njira-lugogo-asthma-updates-2019"" target=""_blank"">Asthma Updates in 2021: What's New?</a>","Lugogo, MD",Njira,Asthma,9/8/21
"<a href=""https://sites.google.com/a/umich.edu/fammed-webcasts/blake-arthurs-advanced-lipid-testing"" target=""_blank"">Advanced Lipid Testing for Primary Care</a>","Arthurs, MD",Blake,Lipids,10/13/21
"<a href=""https://sites.google.com/a/umich.edu/fammed-webcasts/ebony-parker-featherstone-dei-update"" target=""_blank"">Department Diversity, Equity, and Inclusion Update</a>","Parker-Featherstone, MD",Ebony,DEI,10/13/21
"<a href=""https://sites.google.com/a/umich.edu/fammed-webcasts/rudy-wenner-outpatient-medication-management-in-alcohol-use-disorder"" target=""_blank"">Outpatient Medication Management in Alcohol Use Disorder</a>","Wenner, MD",Rudy,"Alcohol, Addiction",11/10/21
"<a href=""https://sites.google.com/a/umich.edu/fammed-webcasts/sasha-collins-bariatric-surgery-in-reproductive-age-women"" target=""_blank"">Bariatric Surgery in Reproductive Age Women</a>","Collins, MD",Sasha,"Weight Loss, Reproduction",11/10/21
"<a href=""https://sites.google.com/a/umich.edu/fammed-webcasts/schneiderhan-fenske-mm-ambulatory-pain-management-guideline"" target=""_blank"">Michigan Medicine Ambulatory Pain Management Guideline</a>","Schneiderhan, MD & Fenske, MD","Jill, Jill",Pain,11/10/21
"<a href=""https://sites.google.com/a/umich.edu/fammed-webcasts/nadia-hallaj-urine-drug-testing-interpretation"" target=""_blank"">Urine Drug Testing Interpretation</a>","Hallaj, MD",Nadia,Testing,12/8/21
"<a href=""https://sites.google.com/a/umich.edu/fammed-webcasts/christopher-stoming-integrative-treatment-ibs"" target=""_blank"">Integrative Approaches to Treating Irritable Bowel Syndrome</a>","Stoming, MD",Christopher,IBS,12/8/21
"<a href=""https://sites.google.com/a/umich.edu/fammed-webcasts/sebastian-schoneich-in-flight-medical-emergencies"" target=""_blank"">In-Flight Medical Emergencies and the Pre-Travel Assessmenet</a>","Schoneich, MD",Sebastian,Travel,12/8/21
"<a href=""https://sites.google.com/a/umich.edu/fammed-webcasts/clinical-faculty-research-projects"" target=""_blank"">Clinical Faculty Research Projects</a>",Multiple,Multiple,Research,1/12/22
"<a href=""https://sites.google.com/a/umich.edu/fammed-webcasts/shubham-kalwani-vulvovaginal-health"" target=""_blank"">Vulvovaginal Health</a>","Kalwani, D.O.",Shubham,Gynocology,1/12/22
"<a href=""https://sites.google.com/a/umich.edu/fammed-webcasts/unified-communication-update-michael-w-mulholland"" target=""_blank"">Unified Communication Update</a>","Mulholland, M.D. Ph.D.",Michael,Communications,1/12/22
"<a href=""https://sites.google.com/a/umich.edu/fammed-webcasts/resident-research-2022"" target=""_blank"">Resident Research 2022</a>",,,,2/9/22
"<a href=""https://sites.google.com/a/umich.edu/fammed-webcasts/meredith-baumgartner-integrating-integrative-medicine-low-resource"" target=""_blank"">Integrating Integrative Medicine in Low Resource Settings</a>","Baumgartner, MD, MPH",Meredith,Integrative Medicine,3/9/22
"<a href=""https://sites.google.com/a/umich.edu/fammed-webcasts/dessa-cosma-structures-of-ableism"" target=""_blank"">Structures of Ableism</a>",Cosma,Dessa,Disability,3/9/22
"<a href=""https://sites.google.com/a/umich.edu/fammed-webcasts/carolina-sierra-lopez-aging-dementia"" target=""_blank"">Aging and Dementia: Alzheimer's Disease</a>","Sierra Lopez, MD",Carolina,Aging,3/23/22
"<a href=""https://sites.google.com/a/umich.edu/fammed-webcasts/elainee-poling-dental-health-primary-care"" target=""_blank"">Supporting Smiles: Dental Health in Primary Care</a>","Poling, MD",Elainee,Dental Hygeine,3/23/22
"<a href=""https://sites.google.com/a/umich.edu/fammed-webcasts/hannah-rosenfield-self-sourced-medication-abortion-miscarriage"" target=""_blank"">Self-Sourced Medication Abortion & Miscarriage</a>","Rosenfield, MD",Hannah,Abortion,3/23/22
"<a href=""https://sites.google.com/a/umich.edu/fammed-webcasts/laura-hadad-hair-loss-conditions"" target=""_blank"">Hair Loss Conditions: Overview and Updates</a>","Hadad, MD",Laura,Hair loss,4/13/22
"<a href=""https://sites.google.com/a/umich.edu/fammed-webcasts/haden-sholl-15-years-of-e-cigarettes"" target=""_blank"">15 Years of E-cigarettes: Where Are We Now?</a>","Sholl, MD",Haden,Smoking,4/13/22
"<a href=""https://sites.google.com/a/umich.edu/fammed-webcasts/eder-gutierrez-carlock-acupuncture-for-major-depressive-disorder"" target=""_blank"">Acupuncture for Major Depressive Disorder: Reviewing the Evidence</a>","Gutierrez Carlock, MD",Eder,Acupuncture,4/13/22
"<a href=""https://sites.google.com/a/umich.edu/fammed-webcasts/deb-clements-strengthening-town-gown"" target=""_blank"">Strengthening the Town-Gown Relationship</a>","Clements, MD",Deb,,5/11/22
"<a href=""https://sites.google.com/a/umich.edu/fammed-webcasts/nora-dagher-community-medicine-lens-change"" target=""_blank"">Community Medicine: A Lens for Structural Change</a>","Dagher, DO",Nora,Community Medicine,5/11/22
"<a href=""https://sites.google.com/a/umich.edu/fammed-webcasts/johan-latorre-benefits-of-adaptive-sports"" target=""_blank"">Benefits of Adaptive Sports</a>","Latorre, MD",Johan,Sports Medicine,6/8/22
"<a href=""https://sites.google.com/a/umich.edu/fammed-webcasts/nathan-tipper-strength-training-mental-health"" target=""_blank"">Strength Training for Mental Health</a>","Tipper, MD",Nathan,Sports Medicine,6/8/22
"<a href=""https://sites.google.com/a/umich.edu/fammed-webcasts/lauren-oshman-trauma-informed-care-sensitive-exams"" target=""_blank"">Trauma Informed Care and Sensitive Exams</a>","Oshman, MD",Lauren,Exams,6/8/22
"<a href=""https://sites.google.com/a/umich.edu/fammed-webcasts/praveen-dayalu-neurogenic-orthostatic-hypotension"" target=""_blank"">Neurogenic Orthostatic Hypotension</a>","Dayalu, MD",Praveen,Nuerology,6/22/22
"<a href=""https://sites.google.com/a/umich.edu/fammed-webcasts/diane-m-harper-primary-hpv-testing-for-cervical-cancer-screening"" target=""_blank"">Primary HPV testing for Cervical Cancer Screening</a>","Harper, MD, MPH, MS",Diane,HPV,6/22/22
"<a href=""https://sites.google.com/a/umich.edu/fammed-webcasts/pasternak-ward-pharmacogenetics"" target=""_blank"">Pharmacogenetics</a>","Pasternak, PharmD, Ward, PharmD","Amy, Kristen",Pharmacy,6/22/22
"<a href=""https://sites.google.com/a/umich.edu/fammed-webcasts/past-present-and-future-of-hospital-at-home"" target=""_blank"">Past, Present, and Future of Hospital at Home</a>","DeCherrie, MD",Linda V.,Zazove,7/13/22
"<a href=""https://sites.google.com/a/umich.edu/fammed-webcasts/psychosocial-factors-type-1-diabetes-laura-kruger"" target=""_blank"">Psyhosocial Factors and Care of Patients with Type 1 Diabetes</a>",Kruger,Laura,Diabetes,7/13/22
"<a href=""https://sites.google.com/a/umich.edu/fammed-webcasts/artificial-inteligence-in-medicine-where-are-we-and-whats-next"" target=""_blank"">Artificial Intelligence in Medicine: Where Are We Now and What's Next?</a>","Abenes, MD",Kathleen,AI,8/10/22
"<a href=""https://sites.google.com/a/umich.edu/fammed-webcasts/embracing-new-treatment-options-in-the-management-of-migraine-headaches"" target=""_blank"">Embracing New Treatment Options in the Management of Migraine Headache</a>","Charleston, MD, MSc",L.,"Migraines, Headaches",8/10/22
"<a href=""https://sites.google.com/a/umich.edu/fammed-webcasts/treatment-options-for-obstructive-sleep-apnea"" target=""_blank"">Treatment Options for Obstructive Sleep Apnea</a>","Sajid, MD",Mehwish,Sleep,8/10/22
"<a href=""https://sites.google.com/a/umich.edu/fammed-webcasts/lipodystrophy-syndromes-a-journey-into-the-atypical-diabetes-world"" target=""_blank"">Lipodystrophy Syndromes</a>","Oral, MD",Elif,Diabetes,8/24/22
"<a href=""https://sites.google.com/a/umich.edu/fammed-webcasts/specific-learning-attention-and-intellectual-disabilitiesl-a-pcps-guide"" target=""_blank"">Specific Learning, Attention, and Intellectual Disabilities</a>","Batshon, MD, MPH",Raven,Learning,10/12/22
"<a href=""https://sites.google.com/a/umich.edu/fammed-webcasts/departmental-discussion-post-roe-michigan"" target=""_blank"">Departmental Discussion: Post Roe Michigan</a>","Harris, MD, PhD",Lisa,Abortion,10/12/22
"<a href=""https://sites.google.com/a/umich.edu/fammed-webcasts/adolescents-with-overweight-and-obesity-how-to-encourage-healthy-relations"" target=""_blank"">Adolescents with Overweight and Obesity: How to Encourage Healthy Relationship with Food and Body</a>","Ritchie, MD",Olivia,Obesity,11/9/22
"<a href=""https://youtu.be/virjcsYb5RQ"" target=""_blank"">Preparing for Travel: Vaccinations, and Other Considersations</a>","Fraser, MD",Kevin,Travel,11/9/22
"<a href=""https://youtu.be/31Ffh5lZc0o"" target=""_blank"">Novel Therapeutics for Chronic Kidney Disease</a>","Heung, MD",Michael,Kidney disease,11/9/22
"<a href=""https://youtu.be/O9a6QkKbYu4"" target=""_blank"">Tobacco Cessation: A Comprehensive Approach</a>","Margosian, MD",Sara,Tobacco,1/11/23
"<a href=""https://youtu.be/6F4QCDd0eOk"" target=""_blank"">Nuts & Bolts of Diabetes Technology in Clinical Practice</a>","Diez, PharmD, Iyengar, MD","Heidi, Jenni",Diabetes,1/11/13
"<a href=""https://youtu.be/HevtPfWy2sQ"" target=""_blank"">OTC Supplements for Weight Loss</a>","Saleh, MD",Ceci,Weight Loss,1/11/13
"<a href=""https://youtu.be/kRxyeCRX8yk"" target=""_blank"">Energy Drinks </a>","Arthur, MD",Caleb,Energy,3/8/23
"<a href=""https://youtu.be/NOGom08ke0c"" target=""_blank"">Achieving Equity in Health Care</a>","Ayanian, MD",John,Equity,3/8/23
"<a href=""https://youtu.be/STaF5__xO24"" target=""_blank"">Palliative Primary Care</a>","Sheehan, MD",Kayla,End of Life,3/22/23
"<a href=""https://youtu.be/S8pkdu2GpdE"" target=""_blank"">Food as Medicine for the Underserved</a>","Baumgartner, MD, MPH",Meredith,Nutrition,3/22/23
"<a href=""https://youtu.be/kvo4wQ6brCo"" target=""_blank"">Contraception Queries</a>","Brecher, MD",Liza,Contraception,3/22/23
"<a href=""https://youtu.be/xnlZcaKgvYs"" target=""_blank"">Mindfulness-Based Interventions for Back Pain</a>","Kukreja, MD",Ruchi,Mindfulness,5/24/23
"<a href=""https://youtu.be/BhUHJu9e0oI"" target=""_blank"">Primary Care--Essential not Basic</a>","Bazemore, MD, MPH",Andrew,Primary Care,5/24/23
"<a href=""https://youtu.be/-dwgDLPQ05o"" target=""_blank"">Kidney Stones</a>","Patel, MD, MS",Sanjeevkumar,Kidney stones,6/14/23
"<a href=""https://youtu.be/fUj-4fJ_6bQ"" target=""_blank"">Musculoskeletal Injections</a>","Landgraf, MD",Stephanie,Sports Medicine,6/14/23
"<a href=""https://youtu.be/WgEtKf4ICAM"" target=""_blank"">Transgender Individuals and Sports</a>","Waselewski, MD",Eric,Transgender,6/14/23
"<a href=""https://youtu.be/bxxBXRiBFaw"" target=""_blank"">Patient Centered Documentation</a>","Targan, MD",Lexi,Documentation,7/12/23
"<a href=""https://youtu.be/29aPP-kQywE"" target=""_blank"">The Latest in Type-2 Diabetes Management</a>","Gabison, MD Morrison MD",Jonathan Leigh,Diabetes,7/12/23
"<a href=""https://youtu.be/Bc1V5UGgYo4"" target=""_blank"">Buprenophone What's New</a>","Fenske MD, Hutchinson, MD","Jill, Eliza","Opioids, Addiction",7/12/23
"<a href=""https://youtu.be/97kcEU2xjc0"" target=""_blank"">An Introdction to Spiritual Care: Working with Chaplains</a>",Wright PhD,Christina,Spiritual Care,8/23/23
"<a href=""https://youtu.be/l1KG2Fvpd2I"" target=""_blank"">Update in COPD</a>","Han, MD, MS",MeiLan,COPD,8/23/23
"<a href=""https://youtu.be/NHQ8uunNMPE"" target=""_blank"">Recognizing Bias in CPS Referrals</a>","Jamal, MD",Aisha,"CPS, Bias",8/9/23
"<a href=""https://youtu.be/bkxihDvJlkg"" target=""_blank"">SODA Opening Remarks</a>",Rogers,Phil,SODA,9/13/23
"<a href=""https://youtu.be/eseXKSdHsUE"" target=""_blank"">Flourishing in Complexity</a>","Garety James, PhD",Cassie,SODA,9/13/23
"<a href=""https://youtu.be/tdVooWRBK2Y"" target=""_blank"">Sharing Power: Authentically Engaging Communities to Advance Health Equity</a>","Esparza-Gonzalez, MBA Bora, MD MPH",Everlyn Nirali,Social,10/11/23
"<a href=""https://youtu.be/vOKFtboPK4E"" target=""_blank"">CARINOS Model and CARINOS En Su Casa</a>","Patel, MD PHP",Neela,Care,10/11/23
"<a href=""https://youtu.be/tlrvzj1wz20"" target=""_blank"">RSV Disease in Adults & Update on RSV Vaccines</a>","Rockwell, D.O.",Pamela,Vaccines,11/8/23
"<a href=""https://youtu.be/DyHyBdMqAng"" target=""_blank"">Health and Spirituality-Does Spirituality Matter in Medicine?</a>","Gutierrez, MD",Laura Lee,Spiritual Care,11/8/23
"<a href=""https://youtu.be/T_JbxeIK_ZY"" target=""_blank"">Tuberculosis</a>","Hammoud, MD",Julia,Disease,11/8/23
"<a href=""https://youtu.be/sUUHwlJzSk0"" target=""_blank"">PCP's Update for Advanced in Alzheimers</a>","Verrilli, MD",Hannah,Alzheimers ,11/22/23
"<a href=""https://youtu.be/Wwx813xlZco"" target=""_blank"">Managing Menopause: Treatment of Vasomotor Symptoms of Menopause</a>","Tzeggai, MD",Jasmine,Menopause,11/22/23
"<a href=""https://youtu.be/aYW08VZsw3M"" target=""_blank"">Prostate Cancer Screening (a practical approach)</a>",Pugashetti. MD,Neil,Cancer,11/22/23
"<a href=""https://youtu.be/K0BlVnf9GZM"" target=""_blank"">Armed Conflict and the Effects on Maternal & Child Health</a>","Mehta, DO",Seema,Violence,12/13/23
"<a href=""https://youtu.be/c5ykzSM9z-E"" target=""_blank"">Fertility Awareness-Based Methods for Family Planning</a>","Howard, MD",Louisa,Family Planning,12/13/23
"<a href=""https://youtu.be/TGEMkqbq7T0"" target=""_blank"">Dyslipidemia: An Evidence-Based Review for the Family Physician</a>","Barnes, MD",Jessica,Dyslipidemia,1/10/24
"<a href=""https://youtu.be/mJ_pS9L0Kws"" target=""_blank"">One Less Pill: An Aspirin de-prescribing intervention</a>","Schaefer, MD, MSc",Jordan,Prescribing,1/10/24
"<a href=""https://youtu.be/pYOMVJsvRbc"" target=""_blank"">Approach to Obesity Management in Primary Care</a>","Gabison, MD",Jonathan,Obesity,1/10/24
"<a href=""https://youtu.be/7JTTLuyHYE8"" target=""_blank"">Psychedelics & Palliative Care: Match Made in Spiritual Heaven?</a>","Fazil Polat, MD",Mustafa,Palliative Care,1/24/24
"<a href=""https://youtu.be/Ek1F2ICa8Wo"" target=""_blank"">Health at Every Size</a>","Ritchie, MD",Olivia,Obesity,1/24/24
"<a href=""https://youtu.be/1uNuZqBaWcA"" target=""_blank"">Perinatal Mental Health</a>","Darwiche, MD",Adam,Mental Health,1/24/24
"<a href=""https://youtu.be/urwbyU6iOAo"" target=""_blank"">Dance and Its Impact on Health</a>","Singh, MD",Bhavneet (Bobby),Activity,3/13/24
"<a href=""https://youtu.be/q0RVzAEeEQ4"" target=""_blank"">Post Incarceration Continuity of Care</a>",Panel,,DEI,3/13/24
"<a href=""https://youtu.be/HkAM1Vkb-lc"" target=""_blank"">Numb and Number: An Approach to Peripheral Neuropathy</a>","London, MD",Zach,Neuropathy,4/10/24
"<a href=""https://youtu.be/OwTWQ8jE_Y8"" target=""_blank"">Prenatal Care Updates</a>","Turner, MD",Katherine,Prenatal Care-OB,4/10/24
"<a href=""https://youtu.be/jAmn33P5NsM"" target=""_blank"">Traumatic Birth Experience</a>","Hussain, MD, MPH",Nafeeza,"Birth, OB",4/10/24
"<a href=""https://youtu.be/y-A1LsSb_IA"" target=""_blank"">Pediatric Hypertension</a>","Garcia-Castro, MD",Julio,Pediatrics,5/8/24
"<a href=""https://youtu.be/VsiUMZOZzKA"" target=""_blank"">Ethics</a>","Laventhal, MD",Naomi,Ethics,5/8/24
"<a href=""https://youtu.be/8RyIHu2jHWM"" target=""_blank"">Abnormal Uterine Bleeding in People of Reproductive Age</a>","Sundaresan, MD",Lakshmi,Gynocology,5/8/24
"<a href=""https://youtu.be/n1XjcnJSDPs"" target=""_blank"">Evaluation and Management of Thyroid Nodules in 2024</a>","Chen, MD",Debbie,Thyroid,5/22/24
"<a href=""https://youtu.be/qeYbRELFZyg"" target=""_blank"">Diabetes in Exercise</a>","Khouri, MD",Tatum,Diabetes,5/22/24
"<a href=""https://youtu.be/jQPyMj3sS5c"" target=""_blank"">Low Back Pain in Young People: Focused on Spondyloltsis</a>","Wietrick, DO",Erwin,"Pediatrics, Sports Medicine",5/22/24
"<a href=""https://youtu.be/zy_2lh_msR8"" target=""_blank"">Probiotics: From Cultivating the microbiome to use in specific conditions</a>","Nwankwo, MD, MPH",Chizzy,Probiotics,6/12/24
"<a href=""https://youtu.be/2gTbSFlqyf8"" target=""_blank"">Serious Illness for Older LGBTQ People</a>","Candrian, PhD",Carey,LGTBQ,6/12/24
"<a href=""https://youtu.be/G48aGgdYZYk"" target=""_blank"">Psychiatric Emergencies</a>","Hong, MD",Victor,Psychiatry,7/10/24
"<a href=""https://youtu.be/Pzj5nyFnhoY"" target=""_blank"">Abortion in Primary Care</a>","Milleson, MD",Brienna,Abortion,7/10/24
"<a href=""https://youtu.be/r8YQLOFnV2w"" target=""_blank"">Dietary Intervention for Cancer Prevention</a>","Djuric, Ph.D.",Zora,"Research, Diet",7/10/24
"<a href=""https://youtu.be/wIZcnMW4WV0"" target=""_blank"">Lead(Pb) 2024: New approaches to an old problem</a>","Koenig McLaughlin, MD, PhD",Sara,Lead,7/24/25
"<a href=""https://youtu.be/qKocawsw9vo"" target=""_blank"">Acute Lumbosacral Radiculopathy</a>","Bracken, MD",Chris,,7/24/24
"<a href=""https://youtu.be/UWOd3s61G3Y"" target=""_blank"">Cardiac Monitors</a>","Ghannam, MD",Chris,Cancer,7/24/24
"<a href=""https://youtu.be/YpX0IikZ5Ak"" target=""_blank"">Is POCUS Evidence Based? POCUS Use in Rural Areas</a>","Capizzano, MD Schoneich, MD","Juana Nicoll, Sebastian",POCUS,7/31/24
"<a href=""https://youtu.be/_d1LLwGUBo0"" target=""_blank"">Diverticulitis</a>","Kim, MD, MPH",Albert,Diverticulitis,7/31/24
"<a href=""https://youtu.be/vZR2gWVR6fY"" target=""_blank"">Hidradenitis Suppurativa</a>","Fossum, MD, PhD",Sara,Dermatology,8/14/24
"<a href=""https://youtu.be/1I_RJYiBULs"" target=""_blank"">An Integrative Approach to Vulvovaginitis and Urinary Tract Infections</a>","Hecht, MD",Magdalena S.,Integrative Medicine,8/14/24
"<a href=""https://youtu.be/MAOfygV825A"" target=""_blank"">Approach to Iron Deficiency Anemia</a>","Sood, MD",Suman,Anemia,8/14/24